{
    "ID_Experimento": 9,
    "Imagen_Original": "imagen_original.png",
    "ClipLimit": 2.0,
    "TileSize": 32,
    "Metricas": {
        "Entropia": 6.854244232177734,
        "Contraste_Local_Promedio": 1.9552602767944336,
        "Nitidez_Borde": 26.161918096420607,
        "Contraste_Michelson": 15.933333333333334
    }
}