{
    "ClipLimit": 4.5,
    "TileSize": 16,
    "Entropy": 6.934162489227722,
    "MichelsonContrast": 24.399999999756
}