{
    "ClipLimit": 1.0,
    "TileSize": 8,
    "Entropy": 6.920071292520964,
    "MichelsonContrast": 17.142857142734695
}