{
    "ClipLimit": 4.5,
    "TileSize": 8,
    "Entropy": 7.020862790627308,
    "MichelsonContrast": 20.16666666649861
}