{
    "ClipLimit": 1.5,
    "TileSize": 32,
    "Entropy": 6.81512529211641,
    "MichelsonContrast": 15.933333333227111
}