{
    "ClipLimit": 1.5,
    "TileSize": 16,
    "Entropy": 6.886057268504813,
    "MichelsonContrast": 17.142857142734695
}