{
    "ClipLimit": 3.0,
    "TileSize": 16,
    "Entropy": 6.906679218260719,
    "MichelsonContrast": 15.933333333227111
}