{
    "ID_Experimento": 7,
    "Imagen_Original": "imagen_original.png",
    "ClipLimit": 2.0,
    "TileSize": 8,
    "Metricas": {
        "Entropia": 6.935263633728027,
        "Contraste_Local_Promedio": 1.8547898530960083,
        "Nitidez_Borde": 24.443183714977028,
        "Contraste_Michelson": 20.166666666666668
    }
}