{
    "ClipLimit": 5.0,
    "TileSize": 16,
    "Entropy": 6.9508783489646975,
    "MichelsonContrast": 24.399999999756
}