{
    "ClipLimit": 3.5,
    "TileSize": 8,
    "Entropy": 6.980479820708599,
    "MichelsonContrast": 20.16666666649861
}