{
    "ClipLimit": 1.0,
    "TileSize": 16,
    "Entropy": 6.896471033547079,
    "MichelsonContrast": 15.933333333227111
}