{
    "ClipLimit": 2.0,
    "TileSize": 16,
    "Entropy": 6.895586877411496,
    "MichelsonContrast": 15.933333333227111
}