{
    "ID_Experimento": 16,
    "Imagen_Original": "imagen_original.png",
    "ClipLimit": 3.5,
    "TileSize": 8,
    "Metricas": {
        "Entropia": 6.980480194091797,
        "Contraste_Local_Promedio": 2.519293785095215,
        "Nitidez_Borde": 31.357101273828867,
        "Contraste_Michelson": 20.166666666666668
    }
}