{
    "ClipLimit": 1.5,
    "TileSize": 8,
    "Entropy": 6.929539603443384,
    "MichelsonContrast": 18.538461538318934
}