{
    "ClipLimit": 4.5,
    "TileSize": 32,
    "Entropy": 6.903653153931868,
    "MichelsonContrast": 0.9999999999996079
}