{
    "ClipLimit": 2.5,
    "TileSize": 8,
    "Entropy": 6.954094048726823,
    "MichelsonContrast": 20.16666666649861
}