{
    "ClipLimit": 2.5,
    "TileSize": 16,
    "Entropy": 6.8949587106024115,
    "MichelsonContrast": 15.933333333227111
}