{
    "ID_Experimento": 19,
    "Imagen_Original": "imagen_original.png",
    "ClipLimit": 4.0,
    "TileSize": 8,
    "Metricas": {
        "Entropia": 7.002665042877197,
        "Contraste_Local_Promedio": 2.7362098693847656,
        "Nitidez_Borde": 33.58640952413416,
        "Contraste_Michelson": 20.166666666666668
    }
}