{
    "ClipLimit": 3.0,
    "TileSize": 32,
    "Entropy": 6.901236360941792,
    "MichelsonContrast": 49.799999999004
}