{
    "ClipLimit": 1.0,
    "TileSize": 32,
    "Entropy": 6.778433075822208,
    "MichelsonContrast": 13.94117647050623
}