{
    "ID_Experimento": 1,
    "Imagen_Original": "imagen_original.png",
    "ClipLimit": 1.0,
    "TileSize": 8,
    "Metricas": {
        "Entropia": 6.920071601867676,
        "Contraste_Local_Promedio": 1.3786965608596802,
        "Nitidez_Borde": 19.23226225286127,
        "Contraste_Michelson": 17.142857142857142
    }
}