{
    "ID_Experimento": 3,
    "Imagen_Original": "imagen_original.png",
    "ClipLimit": 1.0,
    "TileSize": 32,
    "Metricas": {
        "Entropia": 6.778433322906494,
        "Contraste_Local_Promedio": 1.366722822189331,
        "Nitidez_Borde": 19.256374041514412,
        "Contraste_Michelson": 13.941176470588236
    }
}