{
    "ClipLimit": 4.0,
    "TileSize": 16,
    "Entropy": 6.922481284987231,
    "MichelsonContrast": 22.090909090708266
}