{
    "ClipLimit": 2.5,
    "TileSize": 32,
    "Entropy": 6.872520584451911,
    "MichelsonContrast": 24.399999999756
}