{
    "ClipLimit": 2.0,
    "TileSize": 8,
    "Entropy": 6.9352636984386224,
    "MichelsonContrast": 20.16666666649861
}