{
    "ClipLimit": 2.0,
    "TileSize": 32,
    "Entropy": 6.854243883859577,
    "MichelsonContrast": 15.933333333227111
}