{
    "ClipLimit": 5.0,
    "TileSize": 32,
    "Entropy": 6.897754912268886,
    "MichelsonContrast": 0.9999999999996079
}