{
    "ClipLimit": 3.5,
    "TileSize": 16,
    "Entropy": 6.908026347144395,
    "MichelsonContrast": 20.16666666649861
}