{
    "ClipLimit": 5.0,
    "TileSize": 8,
    "Entropy": 7.036474777428567,
    "MichelsonContrast": 20.16666666649861
}