{
    "ClipLimit": 4.0,
    "TileSize": 8,
    "Entropy": 7.002665309122936,
    "MichelsonContrast": 20.16666666649861
}