{
    "ID_Experimento": 25,
    "Imagen_Original": "imagen_original.png",
    "ClipLimit": 5.0,
    "TileSize": 8,
    "Metricas": {
        "Entropia": 7.036474704742432,
        "Contraste_Local_Promedio": 3.1540913581848145,
        "Nitidez_Borde": 37.85013140044466,
        "Contraste_Michelson": 20.166666666666668
    }
}