{
    "ClipLimit": 3.0,
    "TileSize": 8,
    "Entropy": 6.961055041931102,
    "MichelsonContrast": 20.16666666649861
}