{
    "ClipLimit": 3.5,
    "TileSize": 32,
    "Entropy": 6.933281413757931,
    "MichelsonContrast": 252.9999999747
}