{
    "ID_Experimento": 14,
    "Imagen_Original": "imagen_original.png",
    "ClipLimit": 3.0,
    "TileSize": 16,
    "Metricas": {
        "Entropia": 6.906678676605225,
        "Contraste_Local_Promedio": 2.443024158477783,
        "Nitidez_Borde": 31.13254791981862,
        "Contraste_Michelson": 15.933333333333334
    }
}